{
  "0": {
    "precision": 0.6583333333333333,
    "recall": 0.3910891089108911,
    "f1-score": 0.4906832298136646,
    "support": 202.0
  },
  "1": {
    "precision": 1.0,
    "recall": 0.02127659574468085,
    "f1-score": 0.041666666666666664,
    "support": 47.0
  },
  "2": {
    "precision": 0.8207847295864263,
    "recall": 0.9496932515337423,
    "f1-score": 0.8805460750853242,
    "support": 815.0
  },
  "accuracy": 0.8026315789473685,
  "macro avg": {
    "precision": 0.8263726876399199,
    "recall": 0.45401965206310474,
    "f1-score": 0.4709653238552185,
    "support": 1064.0
  },
  "weighted avg": {
    "precision": 0.7978598570923598,
    "recall": 0.8026315789473685,
    "f1-score": 0.7694749971336776,
    "support": 1064.0
  }
}